{"cameraMode":{"drawMode":0,"name":"Shaded","section":"Shading Mode"},"sceneLighting":true,"audioPlay":false,"sceneViewState":{"m_AlwaysRefresh":false,"showFog":true,"showSkybox":true,"showFlares":true,"showImageEffects":true,"showParticleSystems":true,"showVisualEffectGraphs":true,"m_FxEnabled":true},"in2DMode":false,"pivot":{"x":0.13590002059936524,"y":0.9454902410507202,"z":0.2651350498199463},"rotation":{"x":0.11163020133972168,"y":0.5691350102424622,"z":-0.07835282385349274,"w":0.8108565211296082},"size":3.5291690826416017,"orthographic":false}